name_m,name_f
Kowalski,Kowalska
Nowak,Nowak
Wiśniewski,Wiśniewska
Wójcik,Wójcik
Kowalczyk,Kowalczyk
Kamiński,Kamińska
Lewandowski,Lewandowska
Zieliński,Zielińska
Szymański,Szymańska
Woźniak,Woźniak
Dąbrowski,Dąbrowska
Kozłowski,Kozłowska
Jankowski,Jankowska
Mazur,Mazur
Wojciechowski,Wojciechowska
Kwiatkowski,Kwiatkowska
Krawczyk,Krawczyk
Kaczmarek,Kaczmarek
Piotrowski,Piotrowska
Grabowski,Grabowska
Zając,Zając
Pawłowski,Pawłowska
Michalski,Michalska
Król,Król
Wieczorek,Wieczorek
Jabłoński,Jabłońska
Wróbel,Wróbel
Nowicki,Nowicka
Majewski,Majewska
Olszewski,Olszewska
Stępień,Stępień
Jaworski,Jaworska
Malinowski,Malinowska
Adamczyk,Adamczyk
Dudek,Dudek
Górski,Górska
Pawlak,Pawlak
Sikora,Sikora
Walczak,Walczak
Baran,Baran
Rutkowski,Rutkowska
Michalak,Michalak
Szewczyk,Szewczyk
Ostrowski,Ostrowska
Tomaszewski,Tomaszewska
Pietrzak,Pietrzak
Marciniak,Marciniak
Wróblewski,Wróblewska
Zawadzki,Zawadzka
Jasiński,Jasińska
Sadowski,Sadowska
Bąk,Bąk
Chmielewski,Chmielewska
Włodarczyk,Włodarczyk
Borkowski,Borkowska
Czarnecki,Czarnecka
Sawicki,Sawicka
Sokołowski,Sokołowska
Urbański,Urbańska
Kubiak,Kubiak
Maciejewski,Maciejewska
Szczepański,Szczepańska
Kucharski,Kucharska
Wilk,Wilk
Lis,Lis
Kaźmierczak,Kaźmierczak
Mazurek,Mazurek
Wysocki,Wysocka
Brzeziński,Brzezińska
Ziółkowski,Ziółkowska
Kołodziej,Kołodziej
Markowski,Markowska
Kaczmarczyk,Kaczmarczyk
Wasilewski,Wasilewska
Głowacki,Głowacka
Andrzejewski,Andrzejewska
Czerwiński,Czerwińska
Szulc,Szulc
Tymański,Tymańska
Krajewski,Krajewska
Sienkiewicz,Sienkiewicz
Kulesza,Kulesza
Mucha,Mucha
Mikołajczyk,Mikołajczyk
Tomczak,Tomczak
Jarosz,Jarosz
Kołodziejczyk,Kołodziejczyk
Sobczak,Sobczak
Wierzbicki,Wierzbicka
Maj,Maj
Kopeć,Kopeć
Witkowski,Witkowska
Kania,Kania
Sowa,Sowa
Stefański,Stefańska
Domański,Domańska
Błaszczyk,Błaszczyk
Chojnacki,Chojnacka
Cieślak,Cieślak